<?xml version="1.0"?>
<manifest xmlns="http://www.imsglobal.org/xsd/imscp_v1p1" xmlns:imsqti="http://www.imsglobal.org/xsd/imsqti_v2p1" xmlns:xsi="http://www.w3.org/2001/XMLSchema-instance" xsi:schemaLocation="http://www.imsglobal.org/xsd/imscp_v1p1 imscp_v1p1.xsd http://www.imsglobal.org/xsd/imsqti_v2p1 imsqti_v2p1.xsd" identifier="QTI-MANIFEST-tao53c3d3d875eba8-74551831">
    <organizations/>
    <resources>
                <resource identifier="i14047420318395114" type="imsqti_item_xmlv2p1" href="i14047420318395114/qti.xml">
            <metadata>
                <schema>IMS QTI Item</schema>
                <schemaversion>2.1</schemaversion>
                <imsqti:qtiMetadata>
                    <imsqti:timeDependent>false</imsqti:timeDependent>
                                        <imsqti:interactionType>choiceInteraction</imsqti:interactionType>
                                         <imsqti:interactionType>choiceInteraction</imsqti:interactionType>
                                         <imsqti:feedbackType>nonadaptive</imsqti:feedbackType>
                    <imsqti:solutionAvailable>false</imsqti:solutionAvailable>
                    <imsqti:toolName/>
                    <imsqti:toolVersion>2.7</imsqti:toolVersion>
                    <imsqti:toolVendor>Open Assessment Technologies S.A.</imsqti:toolVendor>
                </imsqti:qtiMetadata>
            </metadata>
            <file href="i14047420318395114/qti.xml"/>
                        <file href="i14047420318395114/landscape-219843_640.jpg"/>
                        <file href="i14047420318395114/style/custom/tao-user-styles.css"/>
                        <file href="i14047420318395114/style/tabe-main.css"/>
                    </resource>
            </resources>
</manifest>
