<?xml version="1.0" encoding="UTF-8"?>
<assessmentItem xmlns="http://www.imsglobal.org/xsd/imsqti_v2p1" xmlns:xsi="http://www.w3.org/2001/XMLSchema-instance" xmlns:m="http://www.w3.org/1998/Math/MathML" xsi:schemaLocation="http://www.imsglobal.org/xsd/imsqti_v2p1  http://www.imsglobal.org/xsd/qti/qtiv2p1/imsqti_v2p1.xsd" identifier="i14236642929787287" title="Less common interactions" label="" xml:lang="en-US" adaptive="false" timeDependent="false" toolName="TAO" toolVersion="3.0-RC01">
  <responseDeclaration identifier="RESPONSE" cardinality="single" baseType="identifier">
    <correctResponse>
      <value>choice_1</value>
    </correctResponse>
  </responseDeclaration>
  <responseDeclaration identifier="RESPONSE_1" cardinality="single" baseType="string">
    <correctResponse>
      <value>Text Entry</value>
    </correctResponse>
  </responseDeclaration>
  <responseDeclaration identifier="CONTINUE" cardinality="single" baseType="boolean"/>
  <responseDeclaration identifier="RESPONSE_2" cardinality="multiple" baseType="identifier">
    <correctResponse>
      <value>hotspot_1</value>
      <value>hotspot_2</value>
    </correctResponse>
  </responseDeclaration>
  <outcomeDeclaration identifier="SCORE" cardinality="single" baseType="float"/>
  <itemBody>
    <div class="grid-row">
      <div class="col-12">
        <p>This is a block interaction, it is a container for text, images and some specific sub-interactions such as <inlineChoiceInteraction responseIdentifier="RESPONSE" shuffle="false" required="false"><inlineChoice identifier="choice_1" fixed="false" showHide="show">Inline Choice</inlineChoice><inlineChoice identifier="choice_2" fixed="false" showHide="show">Extended Text</inlineChoice><inlineChoice identifier="choice_3" fixed="false" showHide="show">Spiderman</inlineChoice></inlineChoiceInteraction>
, <textEntryInteraction responseIdentifier="RESPONSE_1" base="10" placeholderText=""/>
 and<endAttemptInteraction responseIdentifier="CONTINUE" title="End Attempt"/>
.</p>
        <h1 class="txt-ctr">You can format text</h1>
        <ol>
          <li>Or have</li>
          <li>numbered</li>
        </ol>
        <ul>
          <li>or bulletted</li>
          <li>lists</li>
        </ul>
      </div>
    </div>
    <div class="grid-row">
      <div class="col-12">
        <hotspotInteraction responseIdentifier="RESPONSE_2" maxChoices="0" minChoices="0" class="responsive">
          <prompt>This is a hotspot interaction. Find the boxing gloves...</prompt>
          <object data="mediamanager//var/www/PARCC/build/taoMediaManager/media/54d9d698200bb-dog-fighting.jpg" type="image/jpeg" width="183" height="275"/>
          <hotspotChoice identifier="hotspot_1" fixed="false" shape="circle" coords="48,92,17"/>
          <hotspotChoice identifier="hotspot_2" fixed="false" shape="circle" coords="38,164,25"/>
          <hotspotChoice identifier="hotspot_3" fixed="false" shape="circle" coords="88,32,25"/>
        </hotspotInteraction>
      </div>
    </div>
  </itemBody>
  <responseProcessing>
    <responseCondition>
      <responseIf>
        <match>
          <variable identifier="RESPONSE"/>
          <correct identifier="RESPONSE"/>
        </match>
        <setOutcomeValue identifier="SCORE">
          <sum>
            <variable identifier="SCORE"/>
            <baseValue baseType="integer">1</baseValue>
          </sum>
        </setOutcomeValue>
      </responseIf>
    </responseCondition>
    <responseCondition>
      <responseIf>
        <match>
          <variable identifier="RESPONSE_1"/>
          <correct identifier="RESPONSE_1"/>
        </match>
        <setOutcomeValue identifier="SCORE">
          <sum>
            <variable identifier="SCORE"/>
            <baseValue baseType="integer">1</baseValue>
          </sum>
        </setOutcomeValue>
      </responseIf>
    </responseCondition>
    <responseCondition>
      <responseIf>
        <match>
          <variable identifier="CONTINUE"/>
          <correct identifier="CONTINUE"/>
        </match>
        <setOutcomeValue identifier="SCORE">
          <sum>
            <variable identifier="SCORE"/>
            <baseValue baseType="integer">1</baseValue>
          </sum>
        </setOutcomeValue>
      </responseIf>
    </responseCondition>
    <responseCondition>
      <responseIf>
        <match>
          <variable identifier="RESPONSE_2"/>
          <correct identifier="RESPONSE_2"/>
        </match>
        <setOutcomeValue identifier="SCORE">
          <sum>
            <variable identifier="SCORE"/>
            <baseValue baseType="integer">1</baseValue>
          </sum>
        </setOutcomeValue>
      </responseIf>
    </responseCondition>
  </responseProcessing>
</assessmentItem>
