<?xml version="1.0"?>
<manifest xmlns="http://www.imsglobal.org/xsd/imscp_v1p1" xmlns:xsi="http://www.w3.org/2001/XMLSchema-instance" xsi:schemaLocation="http://www.imsglobal.org/xsd/imscp_v1p1 http://www.imsglobal.org/xsd/qti/qtiv2p1/qtiv2p1_imscpv1p2_v1p0.xsd" identifier="QTI-MANIFEST-tao54db667324aa28-31682401">
    <metadata>
        <schema>QTIv2.1 Package</schema>
        <schemaversion>1.0.0</schemaversion>
    </metadata>
    <organizations/>
    <resources>
                <resource identifier="i14236642929787287" type="imsqti_item_xmlv2p1" href="i14236642929787287/qti.xml">
            <file href="i14236642929787287/qti.xml"/>
                        <file href="i14236642929787287/graphZoomNumberLineInteraction/runtime/css/graphZoomNumberLineInteraction.css"/>
                        <file href="i14236642929787287/graphZoomNumberLineInteraction/runtime/graphZoomNumberLineInteraction.js"/>
                        <file href="i14236642929787287/graphZoomNumberLineInteraction/runtime/libs/axisZoom.js"/>
                        <file href="i14236642929787287/style/custom/tao-user-styles.css"/>
                    </resource>
            </resources>
</manifest>
