<?xml version="1.0"?>
<manifest xmlns="http://www.imsglobal.org/xsd/imscp_v1p1" xmlns:imsqti="http://www.imsglobal.org/xsd/imsqti_v2p1" xmlns:xsi="http://www.w3.org/2001/XMLSchema-instance" xsi:schemaLocation="http://www.imsglobal.org/xsd/imscp_v1p1 imscp_v1p1.xsd http://www.imsglobal.org/xsd/imsqti_v2p1 imsqti_v2p1.xsd" identifier="QTI-MANIFEST-tao53c3d0779bbd98-05757991">
    <organizations/>
    <resources>
                <resource identifier="i14047373393343112" type="imsqti_item_xmlv2p1" href="i14047373393343112/qti.xml">
            <metadata>
                <schema>IMS QTI Item</schema>
                <schemaversion>2.1</schemaversion>
                <imsqti:qtiMetadata>
                    <imsqti:timeDependent>false</imsqti:timeDependent>
                                        <imsqti:interactionType>hotspotInteraction</imsqti:interactionType>
                                         <imsqti:interactionType>graphicOrderInteraction</imsqti:interactionType>
                                         <imsqti:interactionType>graphicAssociateInteraction</imsqti:interactionType>
                                         <imsqti:interactionType>graphicGapMatchInteraction</imsqti:interactionType>
                                         <imsqti:interactionType>selectPointInteraction</imsqti:interactionType>
                                         <imsqti:feedbackType>nonadaptive</imsqti:feedbackType>
                    <imsqti:solutionAvailable>false</imsqti:solutionAvailable>
                    <imsqti:toolName/>
                    <imsqti:toolVersion>2.7</imsqti:toolVersion>
                    <imsqti:toolVendor>Open Assessment Technologies S.A.</imsqti:toolVendor>
                </imsqti:qtiMetadata>
            </metadata>
            <file href="i14047373393343112/qti.xml"/>
                        <file href="i14047373393343112/140_45.png"/>
                        <file href="i14047373393343112/140_75.png"/>
                        <file href="i14047373393343112/140_c-italic.png"/>
                        <file href="i14047373393343112/140_greater-equal.png"/>
                        <file href="i14047373393343112/140_greater.png"/>
                        <file href="i14047373393343112/140_less-equal.png"/>
                        <file href="i14047373393343112/140_less.png"/>
                        <file href="i14047373393343112/140_minus.png"/>
                        <file href="i14047373393343112/140_plus.png"/>
                        <file href="i14047373393343112/140_times.png"/>
                        <file href="i14047373393343112/grid.png"/>
                        <file href="i14047373393343112/style/custom/tao-user-styles.css"/>
                        <file href="i14047373393343112/style/tabe-main.css"/>
                    </resource>
            </resources>
</manifest>
