<?xml version="1.0" encoding="UTF-8"?>
<assessmentItem xmlns="http://www.imsglobal.org/xsd/imsqti_v2p1" xmlns:xsi="http://www.w3.org/2001/XMLSchema-instance" xsi:schemaLocation="http://www.imsglobal.org/xsd/imsqti_v2p1  http://www.imsglobal.org/xsd/qti/qtiv2p1/imsqti_v2p1.xsd" identifier="i14047420318395114" title="Item title" adaptive="false" timeDependent="false" label="" xml:lang="en-US" toolName="TAO" toolVersion="2.7">
  <responseDeclaration identifier="RESPONSE" cardinality="multiple" baseType="identifier"/>
  <responseDeclaration identifier="RESPONSE_1" cardinality="multiple" baseType="identifier"/>
  <outcomeDeclaration identifier="SCORE" cardinality="single" baseType="float"/>
  <stylesheet href="style/custom/tao-user-styles.css" type="text/css" media="all" title=""/>
  <itemBody>
    <div class="grid-row">
      <div class="col-12">
        <h1>Grid example</h1>
      </div>
    </div>
    <div class="grid-row">
      <div class="col-12">Items are based on a 12-colum grid that is calculated in percent - meaning it is fully responsive. We recommend to use at least a third or even half of the available width for an interaction although units are possible.</div>
    </div>
    <div class="grid-row">
      <div class="col-6">
        <choiceInteraction responseIdentifier="RESPONSE" shuffle="false" maxChoices="0" minChoices="0" orientation="vertical">
          <prompt>Interaction prompt</prompt>
          <simpleChoice identifier="choice_1" fixed="false" showHide="show">choice #1</simpleChoice>
          <simpleChoice identifier="choice_2" fixed="false" showHide="show">choice #2</simpleChoice>
        </choiceInteraction>
      </div>
      <div class="col-6">
        <choiceInteraction responseIdentifier="RESPONSE_1" shuffle="false" maxChoices="0" minChoices="0" orientation="vertical">
          <prompt>Interaction prompt</prompt>
          <simpleChoice identifier="choice_4" fixed="false" showHide="show">choice #1</simpleChoice>
          <simpleChoice identifier="choice_5" fixed="false" showHide="show">choice #2</simpleChoice>
        </choiceInteraction>
      </div>
    </div>
    <div class="grid-row">
      <div class="col-6">
        <p class="txt-jty">Lorem ipsum dolor sit amet, consectetur adipiscing elit. Proin congue, turpis facilisis hendrerit malesuada, purus mi mattis lectus, bibendum iaculis leo turpis et dolor. Aenean a ligula nunc. Suspendisse scelerisque, nibh nec semper tincidunt, nisi mauris consectetur est, facilisis suscipit arcu enim sit amet sapien. Vestibulum blandit mauris nec ipsum blandit iaculis. Aliquam magna lacus, dictum vel nulla non, vestibulum euismod ligula. Fusce mollis vel risus ut aliquam. Vestibulum luctus, dolor non vehicula fringilla, turpis quam feugiat tellus, sit amet scelerisque felis justo ac tortor. Donec scelerisque metus dui, ut viverra dolor egestas sagittis. Morbi porta nisi ut eros congue, id facilisis neque cursus. Phasellus vehicula quam eros, ut tempus ante eleifend placerat. Nunc accumsan consequat adipiscing. Aliquam in faucibus tellus. Morbi mollis, justo vel iaculis luctus, est leo ultrices libero, id sodales orci magna eu libero. Fusce neque justo, tincidunt vitae pharetra vel, fermentum id ante.</p>
      </div>
      <div class="col-6">
        <p class="txt-jty">Lorem ipsum dolor sit amet, consectetur adipiscing elit. Proin congue, turpis facilisis hendrerit malesuada, purus mi mattis lectus, bibendum iaculis leo turpis et dolor. Suspendisse scelerisque, nibh nec semper tincidunt, nisi mauris consectetur est, facilisis suscipit arcu enim sit amet sapien. Vestibulum blandit mauris nec ipsum blandit iaculis. Aliquam magna lacus, dictum vel nulla non, vestibulum euismod ligula. Fusce mollis vel risus ut aliquam. Vestibulum luctus, dolor non vehicula fringilla, turpis quam feugiat tellus, sit amet scelerisque felis justo ac tortor. Donec scelerisque metus dui, ut viverra dolor egestas sagittis. Morbi porta nisi ut eros congue, id facilisis neque cursus. Phasellus vehicula quam eros, ut tempus ante eleifend placerat. Nunc accumsan consequat adipiscing. Aliquam in faucibus tellus. Morbi mollis, justo vel iaculis luctus, est leo ultrices libero, id sodales orci magna eu libero. Fusce neque justo, tincidunt vitae pharetra vel, fermentum id ante.</p>
      </div>
    </div>
  </itemBody>
  <responseProcessing>
    <responseCondition>
      <responseIf>
        <match>
          <variable identifier="RESPONSE"/>
          <correct identifier="RESPONSE"/>
        </match>
        <setOutcomeValue identifier="SCORE">
          <sum>
            <variable identifier="SCORE"/>
            <baseValue baseType="integer">1</baseValue>
          </sum>
        </setOutcomeValue>
      </responseIf>
    </responseCondition>
    <responseCondition>
      <responseIf>
        <match>
          <variable identifier="RESPONSE_1"/>
          <correct identifier="RESPONSE_1"/>
        </match>
        <setOutcomeValue identifier="SCORE">
          <sum>
            <variable identifier="SCORE"/>
            <baseValue baseType="integer">1</baseValue>
          </sum>
        </setOutcomeValue>
      </responseIf>
    </responseCondition>
  </responseProcessing>
</assessmentItem>
