<?xml version="1.0" encoding="UTF-8"?>
<assessmentItem xmlns="http://www.imsglobal.org/xsd/imsqti_v2p1" xmlns:xsi="http://www.w3.org/2001/XMLSchema-instance" xsi:schemaLocation="http://www.imsglobal.org/xsd/imsqti_v2p1  http://www.imsglobal.org/xsd/qti/qtiv2p1/imsqti_v2p1.xsd" identifier="i14044788506527107" title="Item title" adaptive="false" timeDependent="false" label="" xml:lang="en-US" toolName="TAO" toolVersion="2.7">
  <responseDeclaration identifier="RESPONSE_1" cardinality="multiple" baseType="identifier"/>
  <responseDeclaration identifier="RESPONSE_2" cardinality="ordered" baseType="identifier"/>
  <responseDeclaration identifier="RESPONSE_3" cardinality="multiple" baseType="pair"/>
  <responseDeclaration identifier="RESPONSE_4" cardinality="multiple" baseType="directedPair"/>
  <outcomeDeclaration identifier="SCORE" cardinality="single" baseType="float"/>
  <stylesheet href="style/custom/tao-user-styles.css" type="text/css" media="all" title=""/>
  <stylesheet href="/style/tabe-main.css" type="text/css" media="all" title=""/>
  <itemBody>
    <div class="grid-row">
      <div class="col-12">
        <h1>CSS Examples I</h1>
      </div>
    </div>
    <div class="grid-row">
      <div class="col-12">
        <choiceInteraction responseIdentifier="RESPONSE_1" shuffle="false" maxChoices="0" minChoices="0" orientation="vertical">
          <prompt>Example choice interaction</prompt>
          <simpleChoice identifier="choice_1" fixed="false" showHide="show">choice #1</simpleChoice>
          <simpleChoice identifier="choice_2" fixed="false" showHide="show">choice #2</simpleChoice>
          <simpleChoice identifier="choice_3" fixed="false" showHide="show">choice #3</simpleChoice>
        </choiceInteraction>
      </div>
    </div>
    <div class="grid-row">
      <div class="col-12">
        <orderInteraction responseIdentifier="RESPONSE_2" shuffle="false" maxChoices="0" minChoices="0" orientation="vertical">
          <prompt>Example order interaction</prompt>
          <simpleChoice identifier="choice_4" fixed="false" showHide="show">choice #1</simpleChoice>
          <simpleChoice identifier="choice_5" fixed="false" showHide="show">choice #2</simpleChoice>
          <simpleChoice identifier="choice_6" fixed="false" showHide="show">choice #3</simpleChoice>
        </orderInteraction>
      </div>
    </div>
    <div class="grid-row">
      <div class="col-12">
        <associateInteraction responseIdentifier="RESPONSE_3" shuffle="false" maxAssociations="0" minAssociations="0">
          <prompt>Example associate interaction</prompt>
          <simpleAssociableChoice identifier="choice_7" fixed="false" showHide="show" matchMax="0" matchMin="0">choice #1</simpleAssociableChoice>
          <simpleAssociableChoice identifier="choice_8" fixed="false" showHide="show" matchMax="0" matchMin="0">choice #2</simpleAssociableChoice>
        </associateInteraction>
      </div>
    </div>
    <div class="grid-row">
      <div class="col-12">
        <matchInteraction responseIdentifier="RESPONSE_4" shuffle="false" maxAssociations="0" minAssociations="0">
          <prompt>Example match interaction</prompt>
          <simpleMatchSet>
            <simpleAssociableChoice identifier="choice_9" fixed="false" showHide="show" matchMax="0" matchMin="0">choice #1</simpleAssociableChoice>
            <simpleAssociableChoice identifier="choice_10" fixed="false" showHide="show" matchMax="0" matchMin="0">choice #2</simpleAssociableChoice>
          </simpleMatchSet>
          <simpleMatchSet>
            <simpleAssociableChoice identifier="choice_11" fixed="false" showHide="show" matchMax="0" matchMin="0">choice #1</simpleAssociableChoice>
            <simpleAssociableChoice identifier="choice_12" fixed="false" showHide="show" matchMax="0" matchMin="0">choice #2</simpleAssociableChoice>
          </simpleMatchSet>
        </matchInteraction>
      </div>
    </div>
  </itemBody>
  <responseProcessing>
    <responseCondition>
      <responseIf>
        <match>
          <variable identifier="RESPONSE_1"/>
          <correct identifier="RESPONSE_1"/>
        </match>
        <setOutcomeValue identifier="SCORE">
          <sum>
            <variable identifier="SCORE"/>
            <baseValue baseType="integer">1</baseValue>
          </sum>
        </setOutcomeValue>
      </responseIf>
    </responseCondition>
    <responseCondition>
      <responseIf>
        <match>
          <variable identifier="RESPONSE_2"/>
          <correct identifier="RESPONSE_2"/>
        </match>
        <setOutcomeValue identifier="SCORE">
          <sum>
            <variable identifier="SCORE"/>
            <baseValue baseType="integer">1</baseValue>
          </sum>
        </setOutcomeValue>
      </responseIf>
    </responseCondition>
    <responseCondition>
      <responseIf>
        <match>
          <variable identifier="RESPONSE_3"/>
          <correct identifier="RESPONSE_3"/>
        </match>
        <setOutcomeValue identifier="SCORE">
          <sum>
            <variable identifier="SCORE"/>
            <baseValue baseType="integer">1</baseValue>
          </sum>
        </setOutcomeValue>
      </responseIf>
    </responseCondition>
    <responseCondition>
      <responseIf>
        <match>
          <variable identifier="RESPONSE_4"/>
          <correct identifier="RESPONSE_4"/>
        </match>
        <setOutcomeValue identifier="SCORE">
          <sum>
            <variable identifier="SCORE"/>
            <baseValue baseType="integer">1</baseValue>
          </sum>
        </setOutcomeValue>
      </responseIf>
    </responseCondition>
    <responseCondition>
      <responseIf>
        <match>
          <variable identifier="RESPONSE_5"/>
          <correct identifier="RESPONSE_5"/>
        </match>
        <setOutcomeValue identifier="SCORE">
          <sum>
            <variable identifier="SCORE"/>
            <baseValue baseType="integer">1</baseValue>
          </sum>
        </setOutcomeValue>
      </responseIf>
    </responseCondition>
    <responseCondition>
      <responseIf>
        <match>
          <variable identifier="RESPONSE"/>
          <correct identifier="RESPONSE"/>
        </match>
        <setOutcomeValue identifier="SCORE">
          <sum>
            <variable identifier="SCORE"/>
            <baseValue baseType="integer">1</baseValue>
          </sum>
        </setOutcomeValue>
      </responseIf>
    </responseCondition>
    <responseCondition>
      <responseIf>
        <match>
          <variable identifier="RESPONSE_6"/>
          <correct identifier="RESPONSE_6"/>
        </match>
        <setOutcomeValue identifier="SCORE">
          <sum>
            <variable identifier="SCORE"/>
            <baseValue baseType="integer">1</baseValue>
          </sum>
        </setOutcomeValue>
      </responseIf>
    </responseCondition>
    <responseCondition>
      <responseIf>
        <match>
          <variable identifier="RESPONSE_7"/>
          <correct identifier="RESPONSE_7"/>
        </match>
        <setOutcomeValue identifier="SCORE">
          <sum>
            <variable identifier="SCORE"/>
            <baseValue baseType="integer">1</baseValue>
          </sum>
        </setOutcomeValue>
      </responseIf>
    </responseCondition>
  </responseProcessing>
</assessmentItem>
